–80,0.0000,9.5530,0.0000,9.5530,–19.218,0.0050,–19.213,–0.04593,–0.04592,–80,0.0001,0.0173,1953807.0000,1953807.0000,–193.38,1219.1900,1025.8100,–0.4064,3.2112,2.8048,–80
–79,0.0000,9.5780,0.0000,9.5780,–18.977,0.0050,–18.972,–0.04530,–0.04528,–79,0.0001,0.0173,1814635.0000,1814635.0000,–192.98,1219.2300,1026.2500,–0.4054,3.2029,2.7975,–79
–78,0.0000,9.6030,0.0000,9.6040,–18.737,0.0060,–18.731,–0.04467,–0.04465,–78,0.0001,0.0173,1686036.0000,1686036.0000,–192.59,1219.2800,1026.6900,–0.4043,3.1946,2.7903,–78
–77,0.0000,9.6290,0.0000,9.6290,–18.497,0.0060,–18.490,–0.04404,–0.04402,–77,0.0001,0.0173,1567159.0000,1567159.0000,–192.19,1219.3300,1027.1300,–0.4033,3.1864,2.7831,–77
–76,0.0000,9.6540,0.0000,9.6540,–18.256,0.0070,–18.250,–0.04341,–0.04339,–76,0.0002,0.0173,1457224.0000,1457224.0000,–191.80,1219.3800,1027.5800,–0.4023,3.1782,2.7759,–76
–75,0.0000,9.6800,0.0000,9.6800,–18.016,0.0070,–18.009,–0.04279,–0.04277,–75,0.0002,0.0173,1355519.0000,1355519.0000,–191.40,1219.4200,1028.0200,–0.4012,3.1700,2.7688,–75
–74,0.0000,9.7050,0.0000,9.7050,–17.776,0.0080,–17.768,–0.04216,–0.04214,–74,0.0002,0.0173,1261390.0000,1261390.0000,–191.00,1219.4600,1028.4600,–0.4002,3.1619,2.7617,–74
–73,0.0000,9.7300,0.0000,9.7300,–17.535,0.0090,–17.527,–0.04154,–0.04152,–73,0.0002,0.0173,1174239.0000,1174239.0000,–190.60,1219.5100,1028.9000,–0.3992,3.1539,2.7547,–73
–72,0.0000,9.7560,0.0000,9.7560,–17.295,0.0090,–17.286,–0.04092,–0.04090,–72,0.0002,0.0173,1093518.0000,1093518.0000,–190.20,1219.5500,1029.3500,–0.3981,3.1458,2.7477,–72
–71,0.0000,9.7810,0.0000,9.7810,–17.055,0.0100,–17.045,–0.04030,–0.04027,–71,0.0002,0.0173,1018724.0000,1018724.0000,–189.80,1219.5900,1029.7900,–0.3971,3.1379,2.7408,–71
–70,0.0000,9.8060,0.0000,9.8060,–16.815,0.0110,–16.804,–0.03968,–0.03966,–70,0.0002,0.0173,949394.0000,949394.0000,–189.40,1219.6300,1030.2300,–0.3961,3.1299,2.7338,–70
–69,0.0000,9.8320,0.0000,9.8320,–16.574,0.0120,–16.563,–0.03907,–0.03904,–69,0.0003,0.0173,885105.0000,885105.0000,–189.00,1219.6700,1030.6700,–0.3950,3.1220,2.7270,–69
–68,0.0000,9.8570,0.0000,9.8570,–16.334,0.0120,–16.321,–0.03845,–0.03842,–68,0.0003,0.0173,825469.0000,825469.0000,–188.59,1219.7100,1031.1100,–0.3940,3.1141,2.7201,–68
–67,0.0000,9.8820,0.0000,9.8820,–16.094,0.0130,–16.080,–0.03784,–0.03781,–67,0.0003,0.0173,770128.0000,770128.0000,–188.19,1219.7500,1031.5600,–0.3930,3.1063,2.7133,–67
–66,0.0000,9.9080,0.0000,9.9080,–15.853,0.0140,–15.839,–0.03723,–0.03719,–66,0.0003,0.0173,718753.0000,718753.0000,–187.78,1219.7800,1032.0000,–0.3919,3.0985,2.7065,–66
–65,0.0000,9.9330,0.0000,9.9330,–15.613,0.0150,–15.598,–0.03662,–0.03658,–65,0.0004,0.0173,671043.0000,671043.0000,–187.38,1219.8200,1032.4400,–0.3909,3.0907,2.6998,–65
–64,0.0000,9.9580,0.0000,9.9590,–15.373,0.0170,–15.356,–0.03601,–0.03597,–64,0.0004,0.0173,626720.0000,626720.0000,–186.97,1219.8500,1032.8800,–0.3899,3.0830,2.6931,–64
–63,0.0000,9.9840,0.0000,9.9840,–15.132,0.0180,–15.115,–0.03541,–0.03536,–63,0.0004,0.0173,585529.0000,585529.0000,–186.56,1219.8900,1033.3300,–0.3888,3.0753,2.6865,–63
–62,0.0000,10.0090,0.0000,10.0090,–14.892,0.0190,–14.873,–0.03480,–0.03475,–62,0.0004,0.0173,547234.0000,547234.0000,–186.15,1219.9200,1033.7700,–0.3878,3.0677,2.6799,–62
–61,0.0000,10.0340,0.0000,10.0350,–14.652,0.0200,–14.632,–0.03420,–0.03414,–61,0.0005,0.0173,511620.0000,511620.0000,–185.74,1219.9500,1034.2100,–0.3868,3.0601,2.6733,–61
–60,0.0000,10.0600,0.0000,10.0600,–14.412,0.0220,–14.390,–0.03360,–0.03354,–60,0.0005,0.0173,478487.0000,478487.0000,–185.33,1219.9800,1034.6500,–0.3858,3.0525,2.6667,–60
–59,0.0000,10.0850,0.0000,10.0850,–14.171,0.0230,–14.148,–0.03300,–0.03293,–59,0.0005,0.0173,447651.0000,447651.0000,–184.92,1220.0100,1035.0900,–0.3847,3.0449,2.6602,–59
–58,0.0000,10.1100,0.0000,10.1110,–13.931,0.0250,–13.906,–0.03240,–0.03233,–58,0.0006,0.0174,418943.0000,418943.0000,–184.50,1220.0400,1035.5400,–0.3837,3.0374,2.6537,–58
–57,0.0000,10.1360,0.0000,10.1360,–13.691,0.0270,–13.664,–0.03180,–0.03173,–57,0.0006,0.0174,392207.0000,392207.0000,–184.09,1220.0700,1035.9800,–0.3827,3.0299,2.6473,–57
–56,0.0000,10.1610,0.0000,10.1610,–13.451,0.0290,–13.422,–0.03120,–0.03113,–56,0.0007,0.0174,367299.0000,367299.0000,–183.67,1220.0900,1036.4200,–0.3816,3.0225,2.6409,–56
–55,0.0000,10.1860,0.0000,10.1870,–13.210,0.0310,–13.180,–0.03061,–0.03053,–55,0.0007,0.0174,344086.0000,344086.0000,–183.26,1220.1200,1036.8600,–0.3806,3.0151,2.6345,–55
–54,0.0000,10.2120,0.0010,10.2120,–12.970,0.0330,–12.937,–0.03002,–0.02993,–54,0.0007,0.0174,322445.0000,322445.0000,–182.84,1220.1500,1037.3000,–0.3796,3.0077,2.6282,–54
–53,0.0000,10.2370,0.0010,10.2370,–12.730,0.0350,–12.695,–0.02942,–0.02933,–53,0.0008,0.0174,302263.0000,302263.0000,–182.42,1220.1700,1037.7500,–0.3785,3.0004,2.6219,–53
–52,0.0000,10.2620,0.0010,10.2630,–12.490,0.0380,–12.452,–0.02883,–0.02874,–52,0.0009,0.0174,283436.0000,283436.0000,–182.00,1220.1900,1038.1900,–0.3775,2.9931,2.6156,–52
–51,0.0000,10.2880,0.0010,10.2880,–12.249,0.0400,–12.209,–0.02825,–0.02814,–51,0.0009,0.0174,265866.0000,265866.0000,–181.58,1220.2100,1038.6300,–0.3765,2.9858,2.6093,–51
–50,0.0000,10.3130,0.0010,10.3140,–12.009,0.0430,–11.966,–0.02766,–0.02755,–50,0.0010,0.0174,249464.0000,249464.0000,–181.16,1220.2400,1039.0700,–0.3755,2.9786,2.6031,–50
–49,0.0000,10.3380,0.0010,10.3390,–11.769,0.0460,–11.723,–0.02707,–0.02695,–49,0.0010,0.0174,234148.0000,234148.0000,–180.74,1220.2600,1039.5200,–0.3744,2.9714,2.5970,–49
–48,0.0000,10.3640,0.0010,10.3640,–11.529,0.0490,–11.479,–0.02649,–0.02636,–48,0.0011,0.0174,219841.0000,219841.0000,–180.32,1220.2800,1039.9600,–0.3734,2.9642,2.5908,–48
–47,0.0001,10.3890,0.0010,10.3900,–11.289,0.0530,–11.236,–0.02591,–0.02577,–47,0.0012,0.0174,206472.0000,206472.0000,–179.89,1220.2900,1040.4000,–0.3724,2.9571,2.5847,–47
–46,0.0001,10.4140,0.0010,10.4150,–11.048,0.0560,–10.992,–0.02532,–0.02518,–46,0.0013,0.0174,193976.0000,193976.0000,–179.47,1220.3100,1040.8400,–0.3713,2.9500,2.5786,–46
–45,0.0001,10.4390,0.0010,10.4400,–10.808,0.0600,–10.748,–0.02474,–0.02459,–45,0.0014,0.0174,182292.0000,182292.0000,–179.04,1220.3300,1041.2800,–0.3703,2.9429,2.5726,–45
–44,0.0001,10.4650,0.0010,10.4660,–10.568,0.0640,–10.504,–0.02417,–0.02400,–44,0.0014,0.0174,171363.0000,171363.0000,–178.62,1220.3400,1041.7300,–0.3693,2.9359,2.5666,–44
–43,0.0001,10.4900,0.0010,10.4910,–10.328,0.0680,–10.259,–0.02359,–0.02341,–43,0.0015,0.0174,161139.0000,161139.0000,–178.19,1220.3600,1042.1700,–0.3683,2.9288,2.5606,–43
–42,0.0001,10.5150,0.0010,10.5170,–10.087,0.0730,–10.015,–0.02301,–0.02283,–42,0.0016,0.0174,151570.0000,151570.0000,–177.76,1220.3700,1042.6100,–0.3672,2.9219,2.5546,–42
–41,0.0001,10.5410,0.0010,10.5420,–9.847,0.0780,–9.770,–0.02244,–0.02224,–41,0.0017,0.0174,142611.0000,142611.0000,–177.33,1220.3800,1043.0500,–0.3662,2.9149,2.5487,–41
–40,0.0001,10.5660,0.0010,10.5670,–9.607,0.0830,–9.524,–0.02187,–0.02166,–40,0.0019,0.0174,134222.0000,134222.0000,–176.90,1220.3900,1043.4900,–0.3652,2.9080,2.5428,–40
–39,0.0001,10.5910,0.0010,10.5930,–9.367,0.0880,–9.279,–0.02129,–0.02107,–39,0.0020,0.0174,126363.0000,126363.0000,–176.47,1220.4100,1043.9400,–0.3642,2.9011,2.5370,–39
–38,0.0001,10.6170,0.0020,10.6180,–9.127,0.0940,–9.033,–0.02072,–0.02049,–38,0.0021,0.0174,118999.0000,118999.0000,–176.04,1220.4100,1044.3800,–0.3631,2.8942,2.5311,–38
–37,0.0001,10.6420,0.0020,10.6440,–8.886,0.1000,–8.787,–0.02015,–0.01990,–37,0.0022,0.0174,112096.0000,112096.0000,–175.60,1220.4200,1044.8200,–0.3621,2.8874,2.5253,–37
–36,0.0001,10.6670,0.0020,10.6690,–8.646,0.1060,–8.540,–0.01959,–0.01932,–36,0.0024,0.0174,105624.0000,105625.0000,–175.17,1220.4300,1045.2600,–0.3611,2.8806,2.5196,–36
–35,0.0001,10.6930,0.0020,10.6950,–8.406,0.1130,–8.293,–0.01902,–0.01874,–35,0.0025,0.0174,99555.0000,99555.0000,–174.73,1220.4400,1045.7000,–0.3600,2.8739,2.5138,–35
–34,0.0001,10.7180,0.0020,10.7200,–8.166,0.1200,–8.046,–0.01846,–0.01816,–34,0.0027,0.0174,93860.0000,93860.0000,–174.30,1220.4400,1046.1500,–0.3590,2.8671,2.5081,–34
–33,0.0001,10.7430,0.0020,10.7450,–7.926,0.1280,–7.798,–0.01789,–0.01757,–33,0.0029,0.0174,88516.0000,88516.0000,–173.86,1220.4500,1046.5900,–0.3580,2.8604,2.5024,–33
–32,0.0001,10.7690,0.0020,10.7710,–7.685,0.1360,–7.550,–0.01733,–0.01699,–32,0.0031,0.0174,83500.0000,83500.0000,–173.42,1220.4500,1047.0300,–0.3570,2.8537,2.4968,–32
–31,0.0001,10.7940,0.0020,10.7960,–7.445,0.1440,–7.301,–0.01677,–0.01641,–31,0.0032,0.0174,78790.0000,78790.0000,–172.98,1220.4500,1047.4700,–0.3559,2.8471,2.4911,–31
–30,0.0001,10.8190,0.0030,10.8220,–7.205,0.1530,–7.052,–0.01621,–0.01583,–30,0.0034,0.0174,74366.0000,74366.0000,–172.54,1220.4600,1047.9100,–0.3549,2.8405,2.4855,–30
–29,0.0002,10.8450,0.0030,10.8470,–6.965,0.1630,–6.802,–0.01565,–0.01525,–29,0.0037,0.0174,70209.0000,70209.0000,–172.10,1220.4600,1048.3600,–0.3539,2.8339,2.4800,–29
–28,0.0002,10.8700,0.0030,10.8730,–6.725,0.1730,–6.552,–0.01509,–0.01467,–28,0.0039,0.0174,66303.0000,66303.0000,–171.66,1220.4600,1048.8000,–0.3529,2.8273,2.4744,–28
–27,0.0002,10.8950,0.0030,10.8980,–6.485,0.1840,–6.301,–0.01454,–0.01409,–27,0.0041,0.0174,62631.0000,62631.0000,–171.22,1220.4600,1049.2400,–0.3518,2.8208,2.4689,–27
–26,0.0002,10.9200,0.0030,10.9240,–6.244,0.1950,–6.050,–0.01398,–0.01351,–26,0.0044,0.0174,59179.0000,59179.0000,–170.77,1220.4500,1049.6800,–0.3508,2.8143,2.4634,–26
–25,0.0002,10.9460,0.0030,10.9490,–6.004,0.2070,–5.797,–0.01343,–0.01293,–25,0.0046,0.0174,55931.0000,55931.0000,–170.33,1220.4500,1050.1200,–0.3498,2.8078,2.4580,–25
–24,0.0002,10.9710,0.0040,10.9750,–5.764,0.2190,–5.545,–0.01288,–0.01234,–24,0.0049,0.0174,52876.0000,52876.0000,–169.88,1220.4500,1050.5600,–0.3488,2.8013,2.4525,–24
–23,0.0002,10.9960,0.0040,11.0000,–5.524,0.2330,–5.291,–0.01233,–0.01176,–23,0.0052,0.0174,50000.0000,50001.0000,–169.43,1220.4400,1051.0100,–0.3477,2.7949,2.4471,–23
–22,0.0002,11.0220,0.0040,11.0260,–5.284,0.2460,–5.037,–0.01178,–0.01118,–22,0.0055,0.0174,47294.0000,47294.0000,–168.99,1220.4300,1051.4500,–0.3467,2.7885,2.4418,–22
–21,0.0002,11.0470,0.0040,11.0510,–5.044,0.2610,–4.782,–0.01123,–0.01060,–21,0.0058,0.0174,44745.0000,44745.0000,–168.54,1220.4300,1051.8900,–0.3457,2.7821,2.4364,–21
–20,0.0003,11.0720,0.0050,11.0770,–4.803,0.2770,–4.527,–0.01068,–0.01002,–20,0.0062,0.0174,42345.0000,42345.0000,–168.09,1220.4200,1052.3300,–0.3447,2.7758,2.4311,–20
–19,0.0003,11.0980,0.0050,11.1030,–4.563,0.2930,–4.270,–0.01014,–0.00943,–19,0.0065,0.0174,40084.0000,40084.0000,–167.64,1220.4100,1052.7700,–0.3436,2.7694,2.4258,–19
–18,0.0003,11.1230,0.0050,11.1280,–4.323,0.3100,–4.013,–0.00959,–0.00885,–18,0.0069,0.0174,37953.0000,37953.0000,–167.19,1220.4000,1053.2100,–0.3426,2.7632,2.4205,–18
–17,0.0003,11.1480,0.0060,11.1540,–4.083,0.3290,–3.754,–0.00905,–0.00826,–17,0.0073,0.0174,35944.0000,35944.0000,–166.73,1220.3900,1053.6500,–0.3416,2.7569,2.4153,–17
–16,0.0003,11.1740,0.0060,11.1790,–3.843,0.3480,–3.495,–0.00851,–0.00768,–16,0.0078,0.0174,34050.0000,34050.0000,–166.28,1220.3800,1054.1000,–0.3406,2.7506,2.4101,–16
–15,0.0003,11.1990,0.0060,11.2050,–3.602,0.3680,–3.234,–0.00797,–0.00709,–15,0.0082,0.0174,32264.0000,32264.0000,–165.82,1220.3600,1054.5400,–0.3396,2.7444,2.4049,–15
–14,0.0004,11.2240,0.0070,11.2310,–3.362,0.3890,–2.973,–0.00743,–0.00650,–14,0.0087,0.0174,30580.0000,30580.0000,–165.37,1220.3500,1054.9800,–0.3385,2.7382,2.3997,–14
–13,0.0004,11.2490,0.0070,11.2570,–3.122,0.4120,–2.710,–0.00689,–0.00591,–13,0.0092,0.0174,28990.0000,28990.0000,–164.91,1220.3300,1055.4200,–0.3375,2.7321,2.3946,–13
–12,0.0004,11.2750,0.0070,11.2820,–2.882,0.4360,–2.446,–0.00635,–0.00532,–12,0.0097,0.0174,27490.0000,27490.0000,–164.46,1220.3200,1055.8600,–0.3365,2.7259,2.3895,–12
–11,0.0004,11.3000,0.0080,11.3080,–2.642,0.4600,–2.181,–0.00582,–0.00473,–11,0.0102,0.0174,26073.0000,26073.0000,–164.00,1220.3000,1056.3000,–0.3355,2.7198,2.3844,–11
–10,0.0005,11.3250,0.0080,11.3340,–2.402,0.4870,–1.915,–0.00528,–0.00414,–10,0.0108,0.0174,24736.0000,24736.0000,–163.54,1220.2800,1056.7400,–0.3344,2.7137,2.3793,–10
–9,0.0005,11.3510,0.0090,11.3600,–2.161,0.5140,–1.647,–0.00475,–0.00354,–9,0.0114,0.0174,23473.0000,23473.0000,–163.08,1220.2600,1057.1800,–0.3334,2.7077,2.3743,–9
–8,0.0005,11.3760,0.0090,11.3850,–1.921,0.5430,–1.378,–0.00422,–0.00294,–8,0.0121,0.0174,22279.0000,22279.0000,–162.62,1220.2400,1057.6300,–0.3324,2.7016,2.3692,–8
–7,0.0005,11.4010,0.0100,11.4110,–1.681,0.5740,–1.107,–0.00369,–0.00234,–7,0.0127,0.0174,21151.0000,21152.0000,–162.15,1220.2200,1058.0700,–0.3314,2.6956,2.3642,–7
–6,0.0006,11.4270,0.0100,11.4370,–1.441,0.6060,–0.835,–0.00316,–0.00174,–6,0.0135,0.0174,20086.0000,20086.0000,–161.69,1220.2000,1058.5100,–0.3303,2.6896,2.3593,–6
–5,0.0006,11.4520,0.0110,11.4630,–1.201,0.6390,–0.561,–0.00263,–0.00114,–5,0.0142,0.0174,19078.0000,19078.0000,–161.23,1220.1700,1058.9500,–0.3293,2.6837,2.3543,–5
–4,0.0006,11.4770,0.0120,11.4890,–0.961,0.6750,–0.286,–0.00210,–0.00053,–4,0.0150,0.0174,18125.0000,18125.0000,–160.76,1220.1500,1059.3900,–0.3283,2.6777,2.3494,–4
–3,0.0007,11.5020,0.0120,11.5150,–0.720,0.7120,–0.009,–0.00157,0.0001,–3,0.0158,0.0174,17223.0000,17223.0000,–160.29,1220.1200,1059.8300,–0.3273,2.6718,2.3445,–3
–2,0.0007,11.5280,0.0130,11.5410,–0.480,0.7510,0.2710,–0.00105,0.0007,–2,0.0167,0.0174,16370.0000,16370.0000,–159.83,1220.1000,1060.2700,–0.3263,2.6659,2.3396,–2
–1,0.0007,11.5530,0.0140,11.5670,–0.240,0.7920,0.5520,–0.00052,0.0013,–1,0.0176,0.0174,15563.0000,15563.0000,–159.36,1220.0700,1060.7100,–0.3252,2.6600,2.3348,–1
0.0000,0.0008,11.5780,0.0150,11.5930,0.0000,0.8350,0.8350,0.0000,0.0019,0.0000,0.0185,0.0174,14799.0000,14799.0000,–158.89,1220.0400,1061.1500,–0.3242,2.6542,2.3300,0.0000
1.0000,0.0008,11.6040,0.0150,11.6190,0.2400,0.8800,1.1210,0.0005,0.0025,1.0000,0.0195,0.0174,14076.0000,14076.0000,–158.42,1220.0100,1061.5900,–0.3232,2.6483,2.3251,1.0000
2.0000,0.0009,11.6290,0.0160,11.6450,0.4800,0.9280,1.4080,0.0010,0.0032,2.0000,0.0205,0.0174,13391.0000,13391.0000,–157.95,1219.9800,1062.0300,–0.3222,2.6425,2.3204,2.0000
3.0000,0.0009,11.6540,0.0170,11.6710,0.7200,0.9780,1.6980,0.0016,0.0038,3.0000,0.0216,0.0174,12742.0000,12742.0000,–157.48,1219.9500,1062.4700,–0.3212,2.6368,2.3156,3.0000
4.0000,0.0010,11.6800,0.0180,11.6980,0.9610,1.0300,1.9910,0.0021,0.0044,4.0000,0.0228,0.0174,12127.0000,12127.0000,–157.00,1219.9200,1062.9100,–0.3201,2.6310,2.3109,4.0000
5.0000,0.0010,11.7050,0.0190,11.7240,1.2010,1.0850,2.2860,0.0026,0.0051,5.0000,0.0240,0.0174,11545.0000,11545.0000,–156.53,1219.8800,1063.3500,–0.3191,2.6253,2.3062,5.0000
6.0000,0.0011,11.7300,0.0200,11.7500,1.4410,1.1420,2.5830,0.0031,0.0057,6.0000,0.0252,0.0174,10992.0000,10992.0000,–156.05,1219.8500,1063.7900,–0.3181,2.6196,2.3015,6.0000
7.0000,0.0011,11.7550,0.0210,11.7770,1.6810,1.2030,2.8840,0.0036,0.0064,7.0000,0.0265,0.0174,10469.0000,10469.0000,–155.58,1219.8100,1064.2300,–0.3171,2.6139,2.2968,7.0000
8.0000,0.0012,11.7810,0.0220,11.8030,1.9210,1.2660,3.1870,0.0041,0.0070,8.0000,0.0279,0.0174,9972.0000,9972.0000,–155.10,1219.7700,1064.6700,–0.3160,2.6082,2.2921,8.0000
9.0000,0.0013,11.8060,0.0240,11.8300,2.1610,1.3320,3.4940,0.0047,0.0077,9.0000,0.0294,0.0174,9501.0000,9501.0000,–154.62,1219.7400,1065.1100,–0.3150,2.6025,2.2875,9.0000
10.0000,0.0013,11.8310,0.0250,11.8560,2.4020,1.4010,3.8030,0.0052,0.0083,10.0000,0.0309,0.0174,9055.0000,9055.0000,–154.15,1219.7000,1065.5500,–0.3140,2.5969,2.2829,10.0000
11.0000,0.0014,11.8570,0.0260,11.8830,2.6420,1.4740,4.1160,0.0057,0.0090,11.0000,0.0325,0.0174,8631.0000,8631.0000,–153.67,1219.6600,1065.9900,–0.3130,2.5913,2.2783,11.0000
12.0000,0.0015,11.8820,0.0280,11.9100,2.8820,1.5500,4.4320,0.0062,0.0097,12.0000,0.0341,0.0174,8228.0000,8228.0000,–153.18,1219.6100,1066.4300,–0.3120,2.5857,2.2738,12.0000
13.0000,0.0015,11.9070,0.0290,11.9360,3.1220,1.6300,4.7520,0.0067,0.0103,13.0000,0.0359,0.0174,7846.0000,7846.0000,–152.70,1219.5700,1066.8700,–0.3109,2.5802,2.2692,13.0000
14.0000,0.0016,11.9330,0.0310,11.9630,3.3620,1.7140,5.0760,0.0072,0.0110,14.0000,0.0377,0.0175,7484.0000,7484.0000,–152.22,1219.5300,1067.3100,–0.3099,2.5746,2.2647,14.0000
15.0000,0.0017,11.9580,0.0320,11.9900,3.6030,1.8010,5.4030,0.0077,0.0117,15.0000,0.0396,0.0175,7139.0000,7139.0000,–151.74,1219.4800,1067.7500,–0.3089,2.5691,2.2602,15.0000
16.0000,0.0018,11.9830,0.0340,12.0170,3.8430,1.8920,5.7350,0.0082,0.0124,16.0000,0.0416,0.0175,6812.0000,6812.0000,–151.25,1219.4400,1068.1900,–0.3079,2.5636,2.2557,16.0000
17.0000,0.0019,12.0080,0.0360,12.0440,4.0830,1.9880,6.0710,0.0087,0.0131,17.0000,0.0437,0.0175,6501.0000,6501.0000,–150.77,1219.3900,1068.6300,–0.3069,2.5581,2.2513,17.0000
18.0000,0.0020,12.0340,0.0380,12.0710,4.3230,2.0880,6.4110,0.0092,0.0138,18.0000,0.0458,0.0175,6205.0000,6205.0000,–150.28,1219.3400,1069.0600,–0.3058,2.5527,2.2468,18.0000
19.0000,0.0021,12.0590,0.0400,12.0990,4.5630,2.1930,6.7560,0.0097,0.0146,19.0000,0.0481,0.0175,5925.0000,5925.0000,–149.79,1219.2900,1069.5000,–0.3048,2.5473,2.2424,19.0000
20.0000,0.0022,12.0840,0.0420,12.1260,4.8030,2.3030,7.1060,0.0102,0.0153,20.0000,0.0505,0.0175,5658.0000,5658.0000,–149.30,1219.2400,1069.9400,–0.3038,2.5418,2.2380,20.0000
21.0000,0.0023,12.1100,0.0440,12.1530,5.0440,2.4170,7.4610,0.0107,0.0160,21.0000,0.0530,0.0175,5404.0000,5404.0000,–148.81,1219.1900,1070.3800,–0.3028,2.5364,2.2337,21.0000
22.0000,0.0024,12.1350,0.0460,12.1810,5.2840,2.5370,7.8210,0.0112,0.0168,22.0000,0.0556,0.0175,5162.0000,5162.0000,–148.32,1219.1400,1070.8200,–0.3018,2.5311,2.2293,22.0000
23.0000,0.0025,12.1600,0.0480,12.2090,5.5240,2.6620,8.1860,0.0117,0.0175,23.0000,0.0583,0.0175,4932.0000,4932.0000,–147.83,1219.0900,1071.2600,–0.3007,2.5257,2.2250,23.0000
24.0000,0.0026,12.1850,0.0510,12.2360,5.7640,2.7930,8.5570,0.0122,0.0183,24.0000,0.0611,0.0175,4714.0000,4714.0000,–147.34,1219.0300,1071.6900,–0.2997,2.5204,2.2207,24.0000
25.0000,0.0027,12.2110,0.0540,12.2640,6.0040,2.9300,8.9340,0.0127,0.0191,25.0000,0.0640,0.0175,4506.0000,4506.0000,–146.85,1218.9800,1072.1300,–0.2987,2.5151,2.2164,25.0000
26.0000,0.0029,12.2360,0.0560,12.2920,6.2440,3.0730,9.3170,0.0132,0.0199,26.0000,0.0671,0.0175,4308.0000,4308.0000,–146.35,1218.9200,1072.5700,–0.2977,2.5098,2.2121,26.0000
27.0000,0.0030,12.2610,0.0590,12.3200,6.4850,3.2220,9.7070,0.0137,0.0207,27.0000,0.0703,0.0175,4119.0000,4119.0000,–145.86,1218.8600,1073.0100,–0.2967,2.5045,2.2078,27.0000
28.0000,0.0031,12.2870,0.0620,12.3490,6.7250,3.3780,10.1030,0.0142,0.0215,28.0000,0.0737,0.0175,3939.0000,3939.0000,–145.36,1218.8000,1073.4400,–0.2957,2.4992,2.2036,28.0000
29.0000,0.0033,12.3120,0.0650,12.3770,6.9650,3.5410,10.5060,0.0147,0.0223,29.0000,0.0772,0.0175,3768.0000,3768.0000,–144.86,1218.7400,1073.8800,–0.2946,2.4940,2.1994,29.0000
30.0000,0.0035,12.3370,0.0680,12.4050,7.2050,3.7110,10.9160,0.0152,0.0232,30.0000,0.0809,0.0175,3605.0000,3605.0000,–144.36,1218.6800,1074.3200,–0.2936,2.4888,2.1952,30.0000
31.0000,0.0036,12.3620,0.0720,12.4340,7.4450,3.8880,11.3340,0.0157,0.0240,31.0000,0.0847,0.0175,3450.0000,3450.0000,–143.86,1218.6200,1074.7600,–0.2926,2.4836,2.1910,31.0000
32.0000,0.0038,12.3880,0.0750,12.4630,7.6860,4.0730,11.7590,0.0162,0.0249,32.0000,0.0886,0.0175,3302.0000,3302.0000,–143.36,1218.5600,1075.1900,–0.2916,2.4784,2.1868,32.0000
32.0000,0.0038,12.3877,0.0753,12.4630,7.6860,4.0730,11.7590,0.0162,0.0249,32.0000,0.0887,0.0160,3302.0200,3302.0400,–0.02,1075.2100,1075.1900,0.0000,2.1869,2.1868,32.0000
33.0000,0.0039,12.4130,0.0786,12.4915,7.9260,4.2440,12.1690,0.0167,0.0257,33.0000,0.0923,0.0160,3178.0600,3178.0800,0.9900,1074.6400,1075.6300,0.0020,2.1813,2.1833,33.0000
34.0000,0.0041,12.4382,0.0820,12.5202,8.1660,4.4200,12.5860,0.0171,0.0265,34.0000,0.0961,0.0160,3059.3000,3059.3200,2.0000,1074.0700,1076.0700,0.0041,2.1757,2.1797,34.0000
35.0000,0.0043,12.4635,0.0855,12.5490,8.4060,4.6030,13.0090,0.0176,0.0274,35.0000,0.1000,0.0160,2945.5100,2945.5200,3.0000,1073.5000,1076.5100,0.0061,2.1701,2.1762,35.0000
36.0000,0.0045,12.4888,0.0892,12.5780,8.6460,4.7930,13.4390,0.0181,0.0283,36.0000,0.1040,0.0160,2836.4500,2836.4600,4.0100,1072.9300,1076.9500,0.0081,2.1646,2.1727,36.0000
37.0000,0.0046,12.5141,0.0930,12.6071,8.8870,4.9900,13.8770,0.0186,0.0292,37.0000,0.1082,0.0160,2731.9100,2731.9200,5.0200,1072.3700,1077.3800,0.0102,2.1591,2.1693,37.0000
38.0000,0.0048,12.5394,0.0969,12.6363,9.1270,5.1940,14.3210,0.0191,0.0300,38.0000,0.1126,0.0160,2631.6800,2631.7000,6.0200,1071.8000,1077.8200,0.0122,2.1536,2.1658,38.0000
39.0000,0.0050,12.5647,0.1010,12.6657,9.3670,5.4050,14.7720,0.0196,0.0310,39.0000,0.1171,0.0160,2535.5700,2535.5900,7.0300,1071.2300,1078.2600,0.0142,2.1482,2.1624,39.0000
40.0000,0.0052,12.5899,0.1053,12.6952,9.6070,5.6250,15.2320,0.0200,0.0319,40.0000,0.1217,0.0160,2443.3900,2443.4100,8.0300,1070.6700,1078.7000,0.0162,2.1427,2.1590,40.0000
41.0000,0.0054,12.6152,0.1097,12.7249,9.8480,5.8520,15.6990,0.0205,0.0328,41.0000,0.1266,0.0160,2354.9700,2354.9800,9.0400,1070.1000,1079.1400,0.0182,2.1373,2.1556,41.0000
42.0000,0.0056,12.6405,0.1143,12.7548,10.0880,6.0870,16.1750,0.0210,0.0338,42.0000,0.1316,0.0160,2270.1300,2270.1500,10.0400,1069.5300,1079.5700,0.0202,2.1319,2.1522,42.0000
43.0000,0.0059,12.6658,0.1191,12.7849,10.3280,6.3310,16.6590,0.0215,0.0347,43.0000,0.1367,0.0160,2188.7200,2188.7400,11.0500,1068.9700,1080.0100,0.0222,2.1266,2.1488,43.0000
44.0000,0.0061,12.6911,0.1240,12.8151,10.5680,6.5830,17.1510,0.0220,0.0357,44.0000,0.1421,0.0160,2110.5800,2110.6000,12.0500,1068.4000,1080.4500,0.0242,2.1212,2.1454,44.0000
45.0000,0.0063,12.7163,0.1292,12.8455,10.8080,6.8440,17.6530,0.0224,0.0367,45.0000,0.1476,0.0160,2035.5800,2035.5900,13.0500,1067.8400,1080.8900,0.0262,2.1159,2.1421,45.0000
46.0000,0.0066,12.7416,0.1345,12.8761,11.0490,7.1150,18.1640,0.0229,0.0377,46.0000,0.1533,0.0160,1963.5600,1963.5800,14.0600,1067.2700,1081.3300,0.0282,2.1106,2.1388,46.0000
47.0000,0.0068,12.7669,0.1400,12.9069,11.2890,7.3950,18.6840,0.0234,0.0387,47.0000,0.1592,0.0160,1894.4100,1894.4200,15.0600,1066.7000,1081.7600,0.0302,2.1053,2.1355,47.0000
48.0000,0.0071,12.7922,0.1457,12.9379,11.5290,7.6850,19.2140,0.0239,0.0398,48.0000,0.1653,0.0160,1827.9900,1828.0000,16.0600,1066.1400,1082.2000,0.0321,2.1001,2.1322,48.0000
49.0000,0.0074,12.8175,0.1516,12.9691,11.7690,7.9850,19.7550,0.0243,0.0408,49.0000,0.1716,0.0160,1764.1900,1764.2000,17.0600,1065.5700,1082.6400,0.0341,2.0948,2.1289,49.0000
50.0000,0.0077,12.8427,0.1578,13.0005,12.0100,8.2960,20.3060,0.0248,0.0419,50.0000,0.1781,0.0160,1702.8800,1702.9000,18.0700,1065.0100,1083.0700,0.0361,2.0896,2.1257,50.0000
51.0000,0.0080,12.8680,0.1641,13.0322,12.2500,8.6170,20.8670,0.0253,0.0430,51.0000,0.1849,0.0160,1643.9800,1643.9900,19.0700,1064.4400,1083.5100,0.0381,2.0844,2.1225,51.0000
52.0000,0.0083,12.8933,0.1707,13.0640,12.4900,8.9500,21.4400,0.0257,0.0441,52.0000,0.1918,0.0160,1587.3600,1587.3800,20.0700,1063.8800,1083.9500,0.0400,2.0792,2.1192,52.0000
53.0000,0.0086,12.9186,0.1776,13.0962,12.7300,9.2940,22.0240,0.0262,0.0453,53.0000,0.1990,0.0160,1532.9400,1532.9600,21.0700,1063.3100,1084.3800,0.0420,2.0741,2.1160,53.0000
54.0000,0.0089,12.9439,0.1847,13.1285,12.9710,9.6500,22.6210,0.0267,0.0465,54.0000,0.2065,0.0160,1480.6200,1480.6400,22.0700,1062.7500,1084.8200,0.0439,2.0689,2.1129,54.0000
55.0000,0.0092,12.9691,0.1920,13.1611,13.2110,10.0180,23.2290,0.0272,0.0476,55.0000,0.2141,0.0160,1430.3100,1430.3200,23.0700,1062.1800,1085.2600,0.0459,2.0638,2.1097,55.0000
56.0000,0.0096,12.9944,0.1996,13.1940,13.4510,10.3990,23.8500,0.0276,0.0488,56.0000,0.2221,0.0160,1381.9200,1381.9400,24.0800,1061.6200,1085.6900,0.0478,2.0587,2.1065,56.0000
57.0000,0.0099,13.0197,0.2075,13.2272,13.6910,10.7920,24.4840,0.0281,0.0501,57.0000,0.2302,0.0160,1335.3800,1335.3900,25.0800,1061.0500,1086.1300,0.0497,2.0536,2.1034,57.0000
58.0000,0.0103,13.0450,0.2156,13.2606,13.9320,11.1990,25.1310,0.0285,0.0513,58.0000,0.2387,0.0160,1290.6000,1290.6100,26.0800,1060.4900,1086.5600,0.0517,2.0486,2.1003,58.0000
59.0000,0.0107,13.0702,0.2241,13.2943,14.1720,11.6200,25.7920,0.0290,0.0526,59.0000,0.2474,0.0160,1247.5100,1247.5300,27.0800,1059.9200,1087.0000,0.0536,2.0435,2.0972,59.0000
60.0000,0.0111,13.0955,0.2328,13.3283,14.4120,12.0550,26.4670,0.0295,0.0539,60.0000,0.2564,0.0160,1206.0500,1206.0700,28.0800,1059.3600,1087.4400,0.0555,2.0385,2.0941,60.0000
61.0000,0.0115,13.1208,0.2418,13.3626,14.6530,12.5040,27.1570,0.0299,0.0552,61.0000,0.2657,0.0160,1166.1400,1166.1600,29.0800,1058.7900,1087.8700,0.0575,2.0335,2.0910,61.0000
62.0000,0.0119,13.1461,0.2512,13.3973,14.8930,12.9680,27.8610,0.0304,0.0566,62.0000,0.2752,0.0160,1127.7200,1127.7400,30.0800,1058.2300,1088.3100,0.0594,2.0285,2.0879,62.0000
63.0000,0.0124,13.1713,0.2609,13.4322,15.1330,13.4480,28.5810,0.0309,0.0580,63.0000,0.2851,0.0160,1090.7300,1090.7400,31.0800,1057.6600,1088.7400,0.0613,2.0236,2.0849,63.0000
64.0000,0.0128,13.1966,0.2709,13.4675,15.3730,13.9440,29.3180,0.0313,0.0594,64.0000,0.2953,0.0160,1055.1100,1055.1200,32.0800,1057.1000,1089.1800,0.0632,2.0186,2.0818,64.0000
65.0000,0.0133,13.2219,0.2813,13.5032,15.6140,14.4560,30.0700,0.0318,0.0608,65.0000,0.3058,0.0160,1020.8000,1020.8200,33.0800,1056.5300,1089.6100,0.0651,2.0137,2.0788,65.0000
66.0000,0.0138,13.2472,0.2920,13.5392,15.8540,14.9860,30.8400,0.0322,0.0623,66.0000,0.3166,0.0160,987.7500,987.7700,34.0800,1055.9700,1090.0500,0.0670,2.0088,2.0758,66.0000
67.0000,0.0142,13.2724,0.3031,13.5755,16.0940,15.5320,31.6260,0.0327,0.0638,67.0000,0.3278,0.0161,955.9100,955.9300,35.0800,1055.4000,1090.4800,0.0689,2.0039,2.0728,67.0000
68.0000,0.0148,13.2977,0.3146,13.6123,16.3350,16.0970,32.4310,0.0331,0.0653,68.0000,0.3393,0.0161,925.2300,925.2500,36.0800,1054.8400,1090.9200,0.0708,1.9990,2.0699,68.0000
69.0000,0.0153,13.3230,0.3265,13.6494,16.5750,16.6800,33.2550,0.0336,0.0669,69.0000,0.3511,0.0161,895.6700,895.6800,37.0800,1054.2700,1091.3500,0.0727,1.9942,2.0669,69.0000
70.0000,0.0158,13.3482,0.3388,13.6870,16.8150,17.2820,34.0970,0.0341,0.0684,70.0000,0.3633,0.0161,867.1700,867.1900,38.0800,1053.7100,1091.7800,0.0746,1.9894,2.0640,70.0000
71.0000,0.0164,13.3735,0.3515,13.7250,17.0560,17.9030,34.9590,0.0345,0.0701,71.0000,0.3759,0.0161,839.7000,839.7200,39.0800,1053.1400,1092.2200,0.0765,1.9846,2.0610,71.0000
72.0000,0.0170,13.3988,0.3646,13.7634,17.2960,18.5450,35.8410,0.0350,0.0717,72.0000,0.3889,0.0161,813.2100,813.2300,40.0800,1052.5700,1092.6500,0.0784,1.9798,2.0581,72.0000
73.0000,0.0176,13.4241,0.3782,13.8022,17.5360,19.2080,36.7440,0.0354,0.0734,73.0000,0.4022,0.0161,787.6700,787.6900,41.0800,1052.0100,1093.0800,0.0802,1.9750,2.0552,73.0000
74.0000,0.0182,13.4493,0.3922,13.8415,17.7760,19.8920,37.6680,0.0359,0.0752,74.0000,0.4160,0.0161,763.0400,763.0600,42.0800,1051.4400,1093.5200,0.0821,1.9702,2.0523,74.0000
75.0000,0.0188,13.4746,0.4067,13.8813,18.0170,20.5980,38.6150,0.0363,0.0769,75.0000,0.4302,0.0161,739.2800,739.3000,43.0700,1050.8800,1093.9500,0.0840,1.9655,2.0495,75.0000
76.0000,0.0195,13.4999,0.4217,13.9216,18.2570,21.3270,39.5840,0.0368,0.0788,76.0000,0.4447,0.0161,716.3600,716.3800,44.0700,1050.3100,1094.3800,0.0859,1.9607,2.0466,76.0000
77.0000,0.0202,13.5251,0.4372,13.9624,18.4980,22.0790,40.5760,0.0372,0.0806,77.0000,0.4597,0.0161,694.2500,694.2600,45.0700,1049.7400,1094.8200,0.0877,1.9560,2.0438,77.0000
78.0000,0.0209,13.5504,0.4533,14.0037,18.7380,22.8550,41.5930,0.0377,0.0825,78.0000,0.4752,0.0161,672.9000,672.9200,46.0700,1049.1800,1095.2500,0.0896,1.9513,2.0409,78.0000
79.0000,0.0216,13.5757,0.4698,14.0455,18.9780,23.6560,42.6340,0.0381,0.0844,79.0000,0.4911,0.0161,652.3100,652.3200,47.0700,1048.6100,1095.6800,0.0914,1.9467,2.0381,79.0000
80.0000,0.0223,13.6010,0.4869,14.0879,19.2190,24.4820,43.7010,0.0385,0.0864,80.0000,0.5074,0.0161,632.4300,632.4400,48.0700,1048.0500,1096.1100,0.0933,1.9420,2.0353,80.0000
81.0000,0.0231,13.6262,0.5046,14.1308,19.4590,25.3350,44.7940,0.0390,0.0885,81.0000,0.5243,0.0161,613.2300,613.2500,49.0700,1047.4800,1096.5500,0.0951,1.9374,2.0325,81.0000
82.0000,0.0239,13.6515,0.5229,14.1744,19.6990,26.2150,45.9140,0.0394,0.0905,82.0000,0.5416,0.0161,594.7000,594.7200,50.0700,1046.9100,1096.9800,0.0970,1.9328,2.0297,82.0000
83.0000,0.0247,13.6768,0.5418,14.2185,19.9400,27.1220,47.0620,0.0399,0.0926,83.0000,0.5594,0.0161,576.8000,576.8200,51.0700,1046.3400,1097.4100,0.0988,1.9281,2.0270,83.0000
84.0000,0.0256,13.7020,0.5613,14.2633,20.1800,28.0590,48.2390,0.0403,0.0948,84.0000,0.5777,0.0161,559.5200,559.5400,52.0600,1045.7800,1097.8400,0.1007,1.9236,2.0242,84.0000
85.0000,0.0264,13.7273,0.5814,14.3087,20.4200,29.0250,49.4450,0.0408,0.0970,85.0000,0.5966,0.0161,542.8300,542.8400,53.0600,1045.2100,1098.2700,0.1025,1.9190,2.0215,85.0000
86.0000,0.0273,13.7526,0.6022,14.3548,20.6610,30.0210,50.6820,0.0412,0.0993,86.0000,0.6159,0.0161,526.7000,526.7100,54.0600,1044.6400,1098.7000,0.1043,1.9144,2.0188,86.0000
87.0000,0.0283,13.7778,0.6237,14.4015,20.9010,31.0490,51.9500,0.0416,0.1016,87.0000,0.6359,0.0161,511.1100,511.1300,55.0600,1044.0700,1099.1300,0.1062,1.9099,2.0160,87.0000
88.0000,0.0292,13.8031,0.6459,14.4490,21.1420,32.1090,53.2500,0.0421,0.1040,88.0000,0.6563,0.0161,496.0500,496.0700,56.0600,1043.5100,1099.5600,0.1080,1.9054,2.0133,88.0000
89.0000,0.0302,13.8284,0.6688,14.4972,21.3820,33.2020,54.5840,0.0425,0.1065,89.0000,0.6774,0.0161,481.5000,481.5100,57.0600,1042.9400,1100.0000,0.1098,1.9009,2.0107,89.0000
90.0000,0.0312,13.8536,0.6925,14.5462,21.6220,34.3290,55.9520,0.0430,0.1090,90.0000,0.6990,0.0161,467.4300,467.4500,58.0500,1042.3700,1100.4300,0.1116,1.8964,2.0080,90.0000
91.0000,0.0323,13.8789,0.7170,14.5959,21.8630,35.4920,57.3550,0.0434,0.1115,91.0000,0.7212,0.0161,453.8300,453.8500,59.0500,1041.8000,1100.8600,0.1134,1.8919,2.0053,91.0000
92.0000,0.0333,13.9042,0.7422,14.6464,22.1030,36.6910,58.7950,0.0438,0.1141,92.0000,0.7441,0.0161,440.6800,440.7000,60.0500,1041.2300,1101.2800,0.1152,1.8874,2.0027,92.0000
93.0000,0.0344,13.9294,0.7683,14.6977,22.3440,37.9280,60.2720,0.0443,0.1168,93.0000,0.7675,0.0161,427.9700,427.9800,61.0500,1040.6700,1101.7100,0.1171,1.8830,2.0000,93.0000
94.0000,0.0356,13.9547,0.7952,14.7499,22.5840,39.2030,61.7870,0.0447,0.1196,94.0000,0.7916,0.0161,415.6700,415.6800,62.0500,1040.1000,1102.1400,0.1189,1.8786,1.9974,94.0000
95.0000,0.0368,13.9800,0.8230,14.8030,22.8250,40.5180,63.3430,0.0451,0.1224,95.0000,0.8164,0.0161,403.7700,403.7900,63.0500,1039.5300,1102.5700,0.1207,1.8741,1.9948,95.0000
96.0000,0.0380,14.0052,0.8518,14.8570,23.0650,41.8740,64.9390,0.0456,0.1253,96.0000,0.8418,0.0161,392.2700,392.2800,64.0400,1038.9600,1103.0000,0.1225,1.8697,1.9922,96.0000
97.0000,0.0392,14.0305,0.8814,14.9119,23.3050,43.2720,66.5780,0.0460,0.1282,97.0000,0.8679,0.0161,381.1400,381.1500,65.0400,1038.3900,1103.4300,0.1242,1.8654,1.9896,97.0000
98.0000,0.0405,14.0558,0.9120,14.9678,23.5460,44.7140,68.2600,0.0464,0.1312,98.0000,0.8947,0.0161,370.3700,370.3800,66.0400,1037.8200,1103.8600,0.1260,1.8610,1.9870,98.0000
99.0000,0.0419,14.0810,0.9436,15.0247,23.7860,46.2010,69.9870,0.0469,0.1343,99.0000,0.9222,0.0161,359.9400,359.9600,67.0400,1037.2500,1104.2900,0.1278,1.8566,1.9845,99.0000
100.0000,0.0432,14.1063,0.9763,15.0826,24.0270,47.7340,71.7610,0.0473,0.1375,100.0000,0.9504,0.0161,349.8500,349.8700,68.0400,1036.6800,1104.7100,0.1296,1.8523,1.9819,100.0000
101.0000,0.0446,14.1316,1.0100,15.1416,24.2670,49.3150,73.5820,0.0477,0.1408,101.0000,0.9794,0.0161,340.0900,340.1000,69.0400,1036.1100,1105.1400,0.1314,1.8480,1.9794,101.0000
102.0000,0.0461,14.1568,1.0448,15.2016,24.5080,50.9450,75.4530,0.0482,0.1441,102.0000,1.0092,0.0161,330.6300,330.6500,70.0300,1035.5400,1105.5700,0.1332,1.8437,1.9769,102.0000
103.0000,0.0476,14.1821,1.0807,15.2628,24.7480,52.6260,77.3740,0.0486,0.1476,103.0000,1.0397,0.0161,321.4800,321.5000,71.0300,1034.9700,1106.0000,0.1350,1.8394,1.9743,103.0000
104.0000,0.0491,14.2074,1.1178,15.3252,24.9890,54.3590,79.3480,0.0490,0.1511,104.0000,1.0710,0.0161,312.6200,312.6300,72.0300,1034.3900,1106.4200,0.1367,1.8351,1.9718,104.0000
105.0000,0.0507,14.2326,1.1561,15.3887,25.2290,56.1460,81.3750,0.0494,0.1547,105.0000,1.1032,0.0162,304.0300,304.0500,73.0300,1033.8200,1106.8500,0.1385,1.8308,1.9693,105.0000
106.0000,0.0524,14.2579,1.1957,15.4535,25.4700,57.9890,83.4590,0.0499,0.1584,106.0000,1.1361,0.0162,295.7200,295.7300,74.0300,1033.2500,1107.2800,0.1403,1.8266,1.9669,106.0000
107.0000,0.0541,14.2831,1.2365,15.5196,25.7100,59.8890,85.6000,0.0503,0.1622,107.0000,1.1699,0.0162,287.6600,287.6800,75.0200,1032.6800,1107.7000,0.1420,1.8224,1.9644,107.0000
108.0000,0.0558,14.3084,1.2787,15.5871,25.9510,61.8490,87.8000,0.0507,0.1661,108.0000,1.2046,0.0162,279.8600,279.8800,76.0200,1032.1100,1108.1300,0.1438,1.8181,1.9619,108.0000
109.0000,0.0576,14.3337,1.3222,15.6559,26.1910,63.8700,90.0610,0.0511,0.1701,109.0000,1.2401,0.0162,272.3000,272.3200,77.0200,1031.5300,1108.5500,0.1455,1.8139,1.9595,109.0000
110.0000,0.0595,14.3589,1.3672,15.7261,26.4320,65.9540,92.3860,0.0516,0.1742,110.0000,1.2766,0.0162,264.9700,264.9900,78.0200,1030.9600,1108.9800,0.1473,1.8098,1.9570,110.0000
111.0000,0.0614,14.3842,1.4136,15.7978,26.6720,68.1040,94.7770,0.0520,0.1784,111.0000,1.3140,0.0162,257.8700,257.8900,79.0200,1030.3900,1109.4100,0.1490,1.8056,1.9546,111.0000
112.0000,0.0634,14.4095,1.4615,15.8710,26.9130,70.3210,97.2340,0.0524,0.1827,112.0000,1.3523,0.0162,250.9900,251.0100,80.0200,1029.8200,1109.8300,0.1508,1.8014,1.9522,112.0000
113.0000,0.0654,14.4347,1.5111,15.9458,27.1540,72.6080,99.7620,0.0528,0.1872,113.0000,1.3916,0.0162,244.3200,244.3400,81.0100,1029.2400,1110.2500,0.1525,1.7973,1.9498,113.0000
114.0000,0.0675,14.4600,1.5622,16.0222,27.3940,74.9670,102.3620,0.0532,0.1917,114.0000,1.4318,0.0162,237.8500,237.8700,82.0100,1028.6700,1110.6800,0.1543,1.7931,1.9474,114.0000
115.0000,0.0697,14.4852,1.6150,16.1003,27.6350,77.4010,105.0360,0.0537,0.1964,115.0000,1.4730,0.0162,231.5800,231.6000,83.0100,1028.0900,1111.1000,0.1560,1.7890,1.9450,115.0000
116.0000,0.0719,14.5105,1.6696,16.1801,27.8750,79.9110,107.7870,0.0541,0.2012,116.0000,1.5153,0.0162,225.5000,225.5100,84.0100,1027.5200,1111.5300,0.1577,1.7849,1.9427,116.0000
117.0000,0.0742,14.5358,1.7259,16.2617,28.1160,82.5020,110.6170,0.0545,0.2062,117.0000,1.5586,0.0162,219.6000,219.6200,85.0100,1026.9400,1111.9500,0.1595,1.7808,1.9403,117.0000
118.0000,0.0766,14.5610,1.7842,16.3452,28.3560,85.1740,113.5300,0.0549,0.2112,118.0000,1.6030,0.0162,213.8800,213.9000,86.0000,1026.3700,1112.3700,0.1612,1.7767,1.9380,118.0000
119.0000,0.0790,14.5863,1.8443,16.4306,28.5970,87.9320,116.5290,0.0553,0.2164,119.0000,1.6484,0.0162,208.3300,208.3500,87.0000,1025.7900,1112.8000,0.1629,1.7727,1.9356,119.0000
120.0000,0.0816,14.6116,1.9065,16.5180,28.8380,90.7770,119.6150,0.0557,0.2218,120.0000,1.6949,0.0162,202.9500,202.9600,88.0000,1025.2200,1113.2200,0.1647,1.7686,1.9333,120.0000
121.0000,0.0842,14.6368,1.9707,16.6075,29.0780,93.7140,122.7920,0.0562,0.2273,121.0000,1.7426,0.0162,197.7200,197.7400,89.0000,1024.6400,1113.6400,0.1664,1.7646,1.9310,121.0000
122.0000,0.0869,14.6621,2.0370,16.6991,29.3190,96.7460,126.0640,0.0566,0.2330,122.0000,1.7914,0.0162,192.6500,192.6700,90.0000,1024.0600,1114.0600,0.1681,1.7606,1.9287,122.0000
123.0000,0.0896,14.6873,2.1056,16.7929,29.5590,99.8750,129.4340,0.0570,0.2388,123.0000,1.8414,0.0162,187.7300,187.7500,91.0000,1023.4900,1114.4800,0.1698,1.7565,1.9264,123.0000
124.0000,0.0925,14.7126,2.1765,16.8891,29.8000,103.1050,132.9050,0.0574,0.2448,124.0000,1.8925,0.0162,182.9600,182.9700,92.0000,1022.9100,1114.9100,0.1715,1.7526,1.9241,124.0000
125.0000,0.0955,14.7379,2.2498,16.9876,30.0410,106.4410,136.4810,0.0578,0.2510,125.0000,1.9449,0.0162,178.3200,178.3400,92.9900,1022.3300,1115.3300,0.1732,1.7486,1.9218,125.0000
126.0000,0.0985,14.7631,2.3255,17.0886,30.2810,109.8850,140.1660,0.0582,0.2573,126.0000,1.9985,0.0162,173.8200,173.8400,93.9900,1021.7600,1115.7500,0.1749,1.7446,1.9195,126.0000
127.0000,0.1017,14.7884,2.4038,17.1922,30.5220,113.4420,143.9640,0.0586,0.2638,127.0000,2.0534,0.0162,169.4500,169.4700,94.9900,1021.1800,1116.1700,0.1766,1.7406,1.9173,127.0000
128.0000,0.1049,14.8136,2.4848,17.2985,30.7630,117.1160,147.8790,0.0590,0.2705,128.0000,2.1096,0.0162,165.2100,165.2200,95.9900,1020.6000,1116.5900,0.1783,1.7367,1.9150,128.0000
129.0000,0.1083,14.8389,2.5686,17.4075,31.0030,120.9120,151.9150,0.0595,0.2775,129.0000,2.1670,0.0162,161.0900,161.1000,96.9900,1020.0200,1117.0100,0.1800,1.7328,1.9128,129.0000
130.0000,0.1117,14.8641,2.6552,17.5194,31.2440,124.8330,156.0770,0.0599,0.2846,130.0000,2.2258,0.0163,157.0900,157.1000,97.9900,1019.4400,1117.4300,0.1817,1.7288,1.9106,130.0000
131.0000,0.1153,14.8894,2.7449,17.6343,31.4850,128.8860,160.3700,0.0603,0.2919,131.0000,2.2860,0.0163,153.2000,153.2200,98.9900,1018.8600,1117.8500,0.1834,1.7249,1.9084,131.0000
132.0000,0.1190,14.9147,2.8376,17.7523,31.7250,133.0740,164.7990,0.0607,0.2995,132.0000,2.3475,0.0163,149.4200,149.4400,99.9800,1018.2800,1118.2600,0.1851,1.7210,1.9061,132.0000
133.0000,0.1229,14.9399,2.9336,17.8735,31.9660,137.4040,169.3700,0.0611,0.3072,133.0000,2.4105,0.0163,145.7500,145.7700,100.9800,1017.7000,1118.6800,0.1868,1.7171,1.9039,133.0000
134.0000,0.1268,14.9652,3.0329,17.9981,32.2070,141.8800,174.0870,0.0615,0.3153,134.0000,2.4749,0.0163,142.1900,142.2100,101.9800,1017.1200,1119.1000,0.1885,1.7133,1.9018,134.0000
135.0000,0.1309,14.9904,3.1357,18.1262,32.4470,146.5100,178.9570,0.0619,0.3235,135.0000,2.5407,0.0163,138.7300,138.7400,102.9800,1016.5400,1119.5200,0.1902,1.7094,1.8996,135.0000
136.0000,0.1351,15.0157,3.2422,18.2579,32.6880,151.2980,183.9860,0.0623,0.3320,136.0000,2.6081,0.0163,135.3600,135.3800,103.9800,1015.9600,1119.9400,0.1918,1.7056,1.8974,136.0000
137.0000,0.1395,15.0410,3.3525,18.3935,32.9290,156.2520,189.1810,0.0627,0.3408,137.0000,2.6769,0.0163,132.0900,132.1000,104.9800,1015.3700,1120.3500,0.1935,1.7017,1.8953,137.0000
138.0000,0.1440,15.0662,3.4668,18.5330,33.1700,161.3780,194.5480,0.0631,0.3499,138.0000,2.7474,0.0163,128.9100,128.9200,105.9800,1014.7900,1120.7700,0.1952,1.6979,1.8931,138.0000
139.0000,0.1487,15.0915,3.5851,18.6766,33.4100,166.6840,200.0950,0.0635,0.3593,139.0000,2.8193,0.0163,125.8100,125.8300,106.9800,1014.2100,1121.1900,0.1969,1.6941,1.8910,139.0000
140.0000,0.1535,15.1167,3.7078,18.8245,33.6510,172.1770,205.8280,0.0639,0.3689,140.0000,2.8929,0.0163,122.8100,122.8200,107.9800,1013.6200,1121.6000,0.1985,1.6903,1.8888,140.0000
141.0000,0.1586,15.1420,3.8350,18.9769,33.8920,177.8660,211.7570,0.0643,0.3789,141.0000,2.9681,0.0163,119.8800,119.9000,108.9800,1013.0400,1122.0200,0.2002,1.6865,1.8867,141.0000
142.0000,0.1638,15.1672,3.9668,19.1340,34.1330,183.7580,217.8900,0.0647,0.3892,142.0000,3.0450,0.0163,117.0400,117.0600,109.9800,1012.4600,1122.4300,0.2019,1.6827,1.8846,142.0000
143.0000,0.1691,15.1925,4.1036,19.2960,34.3730,189.8630,224.2360,0.0651,0.3998,143.0000,3.1235,0.0163,114.2800,114.2900,110.9800,1011.8700,1122.8500,0.2035,1.6790,1.8825,143.0000
144.0000,0.1747,15.2177,4.2454,19.4632,34.6140,196.1900,230.8040,0.0655,0.4108,144.0000,3.2038,0.0163,111.5900,111.6000,111.9700,1011.2900,1123.2600,0.2052,1.6752,1.8804,144.0000
145.0000,0.1805,15.2430,4.3927,19.6357,34.8550,202.7500,237.6050,0.0659,0.4222,145.0000,3.2858,0.0163,108.9700,108.9900,112.9700,1010.7000,1123.6800,0.2068,1.6715,1.8783,145.0000
146.0000,0.1865,15.2683,4.5455,19.8138,35.0960,209.5530,244.6490,0.0663,0.4340,146.0000,3.3696,0.0163,106.4300,106.4400,113.9700,1010.1200,1124.0900,0.2085,1.6678,1.8762,146.0000
147.0000,0.1927,15.2935,4.7042,19.9977,35.3370,216.6100,251.9470,0.0667,0.4461,147.0000,3.4552,0.0163,103.9500,103.9700,114.9700,1009.5300,1124.5000,0.2101,1.6640,1.8742,147.0000
148.0000,0.1991,15.3188,4.8691,20.1878,35.5770,223.9340,259.5120,0.0671,0.4587,148.0000,3.5426,0.0163,101.5400,101.5600,115.9700,1008.9400,1124.9100,0.2118,1.6603,1.8721,148.0000
149.0000,0.2058,15.3440,5.0404,20.3844,35.8180,231.5380,267.3560,0.0675,0.4718,149.0000,3.6319,0.0163,99.2000,99.2200,116.9700,1008.3500,1125.3300,0.2134,1.6566,1.8701,149.0000
150.0000,0.2127,15.3693,5.2185,20.5878,36.0590,239.4340,275.4930,0.0679,0.4853,150.0000,3.7231,0.0163,96.9200,96.9300,117.9700,1007.7700,1125.7400,0.2151,1.6530,1.8680,150.0000
151.0000,0.2199,15.3945,5.4037,20.7982,36.3000,247.6380,283.9380,0.0683,0.4993,151.0000,3.8163,0.0164,94.7000,94.7100,118.9700,1007.1800,1126.1500,0.2167,1.6493,1.8660,151.0000
152.0000,0.2274,15.4198,5.5963,21.0161,36.5410,256.1660,292.7060,0.0687,0.5138,152.0000,3.9114,0.0164,92.5400,92.5500,119.9700,1006.5900,1126.5600,0.2183,1.6456,1.8640,152.0000
153.0000,0.2352,15.4450,5.7969,21.2419,36.7820,265.0320,301.8140,0.0691,0.5288,153.0000,4.0085,0.0164,90.4300,90.4500,120.9700,1006.0000,1126.9700,0.2200,1.6420,1.8620,153.0000
154.0000,0.2433,15.4703,6.0057,21.4759,37.0230,274.2570,311.2790,0.0695,0.5444,154.0000,4.1076,0.0164,88.3800,88.4000,121.9700,1005.4100,1127.3800,0.2216,1.6384,1.8599,154.0000
155.0000,0.2517,15.4956,6.2232,21.7187,37.2630,283.8570,321.1210,0.0699,0.5607,155.0000,4.2089,0.0164,86.3900,86.4000,122.9700,1004.8200,1127.7900,0.2232,1.6347,1.8580,155.0000
156.0000,0.2605,15.5208,6.4498,21.9706,37.5040,293.8540,331.3590,0.0702,0.5775,156.0000,4.3122,0.0164,84.4500,84.4600,123.9700,1004.2300,1128.2000,0.2249,1.6311,1.8560,156.0000
157.0000,0.2696,15.5461,6.6862,22.2323,37.7450,304.2700,342.0150,0.0706,0.5950,157.0000,4.4176,0.0164,82.5500,82.5700,124.9700,1003.6400,1128.6100,0.2265,1.6275,1.8540,157.0000
158.0000,0.2792,15.5713,6.9328,22.5041,37.9860,315.1270,353.1130,0.0710,0.6132,158.0000,4.5253,0.0164,80.7100,80.7300,125.9800,1003.0400,1129.0200,0.2281,1.6239,1.8520,158.0000
159.0000,0.2891,15.5966,7.1902,22.7868,38.2270,326.4510,364.6780,0.0714,0.6322,159.0000,4.6351,0.0164,78.9200,78.9300,126.9800,1002.4500,1129.4300,0.2297,1.6203,1.8500,159.0000
160.0000,0.2995,15.6218,7.4591,23.0809,38.4680,338.2680,376.7360,0.0718,0.6519,160.0000,4.7472,0.0164,77.1700,77.1860,127.9800,1001.8600,1129.8300,0.2313,1.6168,1.8481,160.0000
161.0000,0.3103,15.6471,7.7401,23.3872,38.7090,350.6090,389.3180,0.0722,0.6725,161.0000,4.8616,0.0164,75.4670,75.4830,128.9800,1001.2600,1130.2400,0.2329,1.6132,1.8461,161.0000
162.0000,0.3216,15.6723,8.0340,23.7063,38.9500,363.5040,402.4540,0.0726,0.6939,162.0000,4.9783,0.0164,73.8080,73.8240,129.9800,1000.6700,1130.6500,0.2346,1.6096,1.8442,162.0000
163.0000,0.3334,15.6976,8.3415,24.0391,39.1910,376.9880,416.1790,0.0730,0.7163,163.0000,5.0973,0.0164,72.1910,72.2070,130.9800,1000.0800,1131.0600,0.2362,1.6061,1.8423,163.0000
164.0000,0.3457,15.7228,8.6636,24.3864,39.4320,391.0970,430.5290,0.0734,0.7396,164.0000,5.2187,0.0164,70.6160,70.6320,131.9800,999.4800,1131.4600,0.2378,1.6026,1.8403,164.0000
165.0000,0.3586,15.7481,9.0010,24.7491,39.6730,405.8710,445.5440,0.0737,0.7640,165.0000,5.3426,0.0164,69.0800,69.0970,132.9800,998.8800,1131.8700,0.2394,1.5991,1.8384,165.0000
166.0000,0.3722,15.7733,9.3550,25.1283,39.9140,421.3540,461.2680,0.0741,0.7895,166.0000,5.4689,0.0164,67.5840,67.6000,133.9800,998.2900,1132.2700,0.2410,1.5955,1.8365,166.0000
167.0000,0.3864,15.7986,9.7265,25.5251,40.1550,437.5940,477.7490,0.0745,0.8162,167.0000,5.5978,0.0164,66.1250,66.1410,134.9800,997.6900,1132.6800,0.2426,1.5920,1.8346,167.0000
168.0000,0.4013,15.8238,10.1168,25.9406,40.3960,454.6410,495.0370,0.0749,0.8442,168.0000,5.7292,0.0164,64.7030,64.7200,135.9900,997.0900,1133.0800,0.2442,1.5886,1.8327,168.0000
169.0000,0.4170,15.8491,10.5272,26.3763,40.6370,472.5530,513.1900,0.0753,0.8735,169.0000,5.8632,0.0164,63.3170,63.3330,136.9900,996.4900,1133.4800,0.2458,1.5851,1.8308,169.0000
170.0000,0.4334,15.8743,10.9591,26.8334,40.8780,491.3910,532.2690,0.0757,0.9043,170.0000,5.9998,0.0165,61.9650,61.9820,137.9900,995.9000,1133.8900,0.2474,1.5816,1.8290,170.0000
171.0000,0.4508,15.8996,11.4141,27.3137,41.1190,511.2240,552.3430,0.0760,0.9366,171.0000,6.1390,0.0165,60.6470,60.6640,138.9900,995.3000,1134.2900,0.2489,1.5782,1.8271,171.0000
172.0000,0.4690,15.9248,11.8939,27.8188,41.3600,532.1250,573.4850,0.0764,0.9707,172.0000,6.2810,0.0165,59.3620,59.3790,139.9900,994.7000,1134.6900,0.2505,1.5747,1.8252,172.0000
173.0000,0.4883,15.9501,12.4006,28.3507,41.6010,554.1770,595.7780,0.0768,1.0065,173.0000,6.4258,0.0165,58.1090,58.1250,141.0000,994.1000,1135.0900,0.2521,1.5713,1.8234,173.0000
174.0000,0.5086,15.9753,12.9361,28.9114,41.8420,577.4710,619.3130,0.0772,1.0443,174.0000,6.5733,0.0165,56.8860,56.9030,142.0000,993.4900,1135.4900,0.2537,1.5678,1.8215,174.0000
175.0000,0.5301,16.0006,13.5029,29.5035,42.0830,602.1090,644.1920,0.0776,1.0841,175.0000,6.7237,0.0165,55.6940,55.7100,143.0000,992.8900,1135.8900,0.2553,1.5644,1.8197,175.0000
176.0000,0.5529,16.0258,14.1035,30.1293,42.3240,628.2010,670.5250,0.0780,1.1263,176.0000,6.8769,0.0165,54.5310,54.5470,144.0000,992.2900,1136.2900,0.2569,1.5610,1.8179,176.0000
177.0000,0.5771,16.0511,14.7408,30.7919,42.5650,655.8730,698.4390,0.0783,1.1709,177.0000,7.0331,0.0165,53.3960,53.4120,145.0000,991.6900,1136.6900,0.2584,1.5576,1.8160,177.0000
178.0000,0.6027,16.0763,15.4182,31.4946,42.8070,685.2650,728.0720,0.0787,1.2182,178.0000,7.1922,0.0165,52.2890,52.3050,146.0100,991.0800,1137.0900,0.2600,1.5542,1.8142,178.0000
179.0000,0.6300,16.1016,16.1393,32.2409,43.0480,716.5330,759.5810,0.0791,1.2684,179.0000,7.3544,0.0165,51.2080,51.2250,147.0100,990.4800,1137.4900,0.2616,1.5508,1.8124,179.0000
180.0000,0.6591,16.1268,16.9081,33.0349,43.2890,749.8530,793.1420,0.0795,1.3218,180.0000,7.5196,0.0165,50.1540,50.1710,148.0100,989.8700,1137.8900,0.2631,1.5475,1.8106,180.0000
181.0000,0.6901,16.1521,17.7293,33.8814,43.5300,785.4240,828.9540,0.0798,1.3788,181.0000,7.6879,0.0165,49.1250,49.1420,149.0200,989.2700,1138.2800,0.2647,1.5441,1.8088,181.0000
182.0000,0.7233,16.1773,18.6082,34.7855,43.7710,823.4710,867.2420,0.0802,1.4396,182.0000,7.8593,0.0165,48.1210,48.1380,150.0200,988.6600,1138.6800,0.2663,1.5408,1.8070,182.0000
183.0000,0.7588,16.2026,19.5506,35.7532,44.0120,864.2520,908.2640,0.0806,1.5046,183.0000,8.0339,0.0165,47.1410,47.1580,151.0200,988.0500,1139.0700,0.2678,1.5374,1.8052,183.0000
184.0000,0.7970,16.2278,20.5636,36.7915,44.2530,908.0580,952.3110,0.0810,1.5743,184.0000,8.2118,0.0165,46.1840,46.2010,152.0300,987.4400,1139.4700,0.2694,1.5341,1.8035,184.0000
185.0000,0.8381,16.2531,21.6549,37.9080,44.4950,955.2270,999.7220,0.0813,1.6493,185.0000,8.3930,0.0165,45.2510,45.2670,153.0300,986.8400,1139.8600,0.2709,1.5308,1.8017,185.0000
186.0000,0.8825,16.2783,22.8335,39.1118,44.7360,1006.1480,1050.8840,0.0817,1.7301,186.0000,8.5775,0.0165,44.3390,44.3550,154.0300,986.2300,1140.2600,0.2725,1.5274,1.7999,186.0000
187.0000,0.9305,16.3036,24.1100,40.4136,44.9770,1061.2710,1106.2480,0.0821,1.8174,187.0000,8.7653,0.0166,43.4480,43.4650,155.0400,985.6200,1140.6500,0.2741,1.5241,1.7982,187.0000
188.0000,0.9826,16.3288,25.4966,41.8255,45.2180,1121.1230,1166.3410,0.0825,1.9121,188.0000,8.9566,0.0166,42.5790,42.5960,156.0400,985.0100,1141.0500,0.2756,1.5208,1.7964,188.0000
189.0000,1.0394,16.3541,27.0078,43.3619,45.4600,1186.3210,1231.7800,0.0828,2.0150,189.0000,9.1514,0.0166,41.7300,41.7470,157.0400,984.3900,1141.4400,0.2772,1.5175,1.7947,189.0000
190.0000,1.1015,16.3793,28.6605,45.0398,45.7010,1257.5960,1303.2970,0.0832,2.1274,190.0000,9.3497,0.0166,40.9010,40.9180,158.0500,983.7800,1141.8300,0.2787,1.5143,1.7930,190.0000
191.0000,1.1696,16.4046,30.4750,46.8796,45.9420,1335.8180,1381.7600,0.0836,2.2505,191.0000,9.5515,0.0166,40.0920,40.1080,159.0500,983.1700,1142.2200,0.2802,1.5110,1.7912,191.0000
192.0000,1.2446,16.4298,32.4757,48.9056,46.1830,1422.0300,1468.2140,0.0839,2.3859,192.0000,9.7570,0.0166,39.3010,39.3170,160.0600,982.5500,1142.6100,0.2818,1.5077,1.7895,192.0000
193.0000,1.3277,16.4551,34.6920,51.1471,46.4250,1517.4990,1563.9240,0.0843,2.5357,193.0000,9.9662,0.0166,38.5280,38.5450,161.0600,981.9400,1143.0000,0.2833,1.5045,1.7878,193.0000
194.0000,1.4202,16.4803,37.1600,53.6403,46.6660,1623.7700,1670.4360,0.0847,2.7022,194.0000,10.1791,0.0166,37.7730,37.7900,162.0700,981.3200,1143.3900,0.2849,1.5012,1.7861,194.0000
195.0000,1.5238,16.5056,39.9242,56.4297,46.9070,1742.7540,1789.6610,0.0851,2.8883,195.0000,10.3958,0.0166,37.0360,37.0530,163.0700,980.7100,1143.7800,0.2864,1.4980,1.7844,195.0000
196.0000,1.6405,16.5308,43.0402,59.5710,47.1490,1876.8410,1923.9900,0.0854,3.0977,196.0000,10.6163,0.0166,36.3150,36.3320,164.0800,980.0900,1144.1700,0.2879,1.4948,1.7827,196.0000
197.0000,1.7729,16.5561,46.5787,63.1348,47.3900,2029.0620,2076.4520,0.0858,3.3350,197.0000,10.8407,0.0166,35.6110,35.6280,165.0800,979.4700,1144.5600,0.2895,1.4916,1.7810,197.0000
198.0000,1.9245,16.5813,50.6306,67.2119,47.6310,2203.3150,2250.9460,0.0862,3.6064,198.0000,11.0690,0.0166,34.9240,34.9400,166.0900,978.8600,1144.9400,0.2910,1.4884,1.7793,198.0000
199.0000,2.0997,16.6066,55.3146,71.9212,47.8730,2404.7020,2452.5740,0.0865,3.9195,199.0000,11.3013,0.0166,34.2510,34.2680,167.0900,978.2400,1145.3300,0.2925,1.4852,1.7777,199.0000
200.0000,2.3044,16.6318,60.7896,77.4214,48.1140,2640.0310,2688.1450,0.0869,4.2848,200.0000,11.5376,0.0166,33.5940,33.6110,168.1000,977.6200,1145.7100,0.2940,1.4820,1.7760,200.0000
,,,,,,,,,,201.0000,11.7781,0.0166,32.9520,32.9680,169.1000,976.9900,1146.1000,0.2956,1.4788,1.7743,201.0000
,,,,,,,,,,202.0000,12.0227,0.0167,32.3240,32.3410,170.1100,976.3700,1146.4800,0.2971,1.4756,1.7727,202.0000
,,,,,,,,,,203.0000,12.2715,0.0167,31.7100,31.7270,171.1200,975.7500,1146.8700,0.2986,1.4724,1.7710,203.0000
,,,,,,,,,,204.0000,12.5246,0.0167,31.1100,31.1270,172.1200,975.1300,1147.2500,0.3001,1.4693,1.7694,204.0000
,,,,,,,,,,205.0000,12.7819,0.0167,30.5240,30.5400,173.1300,974.5000,1147.6300,0.3016,1.4661,1.7678,205.0000
,,,,,,,,,,206.0000,13.0437,0.0167,29.9500,29.9670,174.1400,973.8800,1148.0100,0.3031,1.4630,1.7661,206.0000
,,,,,,,,,,207.0000,13.3099,0.0167,29.3890,29.4060,175.1400,973.2500,1148.4000,0.3047,1.4599,1.7645,207.0000
,,,,,,,,,,208.0000,13.5806,0.0167,28.8400,28.8570,176.1500,972.6200,1148.7800,0.3062,1.4567,1.7629,208.0000
,,,,,,,,,,209.0000,13.8558,0.0167,28.3040,28.3210,177.1600,972.0000,1149.1500,0.3077,1.4536,1.7613,209.0000
,,,,,,,,,,210.0000,14.1357,0.0167,27.7790,27.7960,178.1700,971.3700,1149.5300,0.3092,1.4505,1.7597,210.0000
,,,,,,,,,,212.0000,14.7094,0.0167,26.7640,26.7810,180.1800,970.1100,1150.2900,0.3122,1.4443,1.7565,212.0000
,,,,,,,,,,214.0000,15.3023,0.0167,25.7920,25.8090,182.2000,968.8500,1151.0400,0.3152,1.4382,1.7533,214.0000
,,,,,,,,,,216.0000,15.9149,0.0167,24.8620,24.8790,184.2100,967.5800,1151.7900,0.3182,1.4320,1.7502,216.0000
,,,,,,,,,,218.0000,16.5475,0.0168,23.9710,23.9880,186.2300,966.3100,1152.5400,0.3211,1.4259,1.7471,218.0000
,,,,,,,,,,220.0000,17.2008,0.0168,23.1180,23.1350,188.2500,965.0300,1153.2800,0.3241,1.4198,1.7440,220.0000
,,,,,,,,,,222.0000,17.8753,0.0168,22.3010,22.3170,190.2700,963.7500,1154.0200,0.3271,1.4138,1.7409,222.0000
,,,,,,,,,,224.0000,18.5714,0.0168,21.5170,21.5340,192.2900,962.4700,1154.7600,0.3300,1.4078,1.7378,224.0000
,,,,,,,,,,226.0000,19.2896,0.0168,20.7660,20.7830,194.3100,961.1900,1155.4900,0.3330,1.4018,1.7348,226.0000
,,,,,,,,,,228.0000,20.0307,0.0168,20.0460,20.0630,196.3300,959.8900,1156.2200,0.3359,1.3959,1.7318,228.0000
,,,,,,,,,,230.0000,20.7949,0.0168,19.3560,19.3730,198.3500,958.6000,1156.9500,0.3388,1.3899,1.7288,230.0000
,,,,,,,,,,232.0000,21.5830,0.0169,18.6930,18.7100,200.3700,957.3000,1157.6800,0.3418,1.3840,1.7258,232.0000
,,,,,,,,,,234.0000,22.3955,0.0169,18.0570,18.0740,202.4000,956.0000,1158.4000,0.3447,1.3782,1.7229,234.0000
,,,,,,,,,,236.0000,23.2329,0.0169,17.4470,17.4640,204.4200,954.6900,1159.1100,0.3476,1.3723,1.7199,236.0000
,,,,,,,,,,238.0000,24.0958,0.0169,16.8610,16.8780,206.4500,953.3800,1159.8300,0.3505,1.3665,1.7170,238.0000
,,,,,,,,,,240.0000,24.9849,0.0169,16.2990,16.3160,208.4700,952.0600,1160.5400,0.3534,1.3607,1.7141,240.0000
,,,,,,,,,,242.0000,25.9006,0.0169,15.7580,15.7750,210.5000,950.7400,1161.2400,0.3563,1.3550,1.7113,242.0000
,,,,,,,,,,244.0000,26.8436,0.0170,15.2390,15.2560,212.5300,949.4200,1161.9500,0.3592,1.3492,1.7084,244.0000
,,,,,,,,,,246.0000,27.8145,0.0170,14.7400,14.7570,214.5600,948.0900,1162.6500,0.3620,1.3435,1.7056,246.0000
,,,,,,,,,,248.0000,28.8140,0.0170,14.2600,14.2770,216.5900,946.7500,1163.3400,0.3649,1.3378,1.7028,248.0000
,,,,,,,,,,250.0000,29.8426,0.0170,13.7990,13.8160,218.6200,945.4100,1164.0300,0.3678,1.3322,1.7000,250.0000
,,,,,,,,,,252.0000,30.9009,0.0170,13.3560,13.3730,220.6500,944.0700,1164.7200,0.3706,1.3266,1.6972,252.0000
,,,,,,,,,,254.0000,31.9897,0.0170,12.9290,12.9460,222.6800,942.7200,1165.4100,0.3735,1.3209,1.6944,254.0000
,,,,,,,,,,256.0000,33.1095,0.0171,12.5180,12.5350,224.7200,941.3700,1166.0900,0.3763,1.3154,1.6917,256.0000
,,,,,,,,,,258.0000,34.2611,0.0171,12.1230,12.1400,226.7500,940.0100,1166.7600,0.3792,1.3098,1.6890,258.0000
,,,,,,,,,,260.0000,35.4450,0.0171,11.7430,11.7600,228.7900,938.6500,1167.4400,0.3820,1.3043,1.6862,260.0000
,,,,,,,,,,262.0000,36.6620,0.0171,11.3770,11.3940,230.8300,937.2800,1168.1000,0.3848,1.2988,1.6836,262.0000
,,,,,,,,,,264.0000,37.9127,0.0171,11.0240,11.0410,232.8700,935.9000,1168.7700,0.3876,1.2933,1.6809,264.0000
,,,,,,,,,,266.0000,39.1978,0.0171,10.6850,10.7020,234.9000,934.5200,1169.4300,0.3904,1.2878,1.6782,266.0000
,,,,,,,,,,268.0000,40.5181,0.0172,10.3570,10.3740,236.9400,933.1400,1170.0800,0.3932,1.2824,1.6756,268.0000
,,,,,,,,,,270.0000,41.8742,0.0172,10.0420,10.0590,238.9900,931.7500,1170.7300,0.3960,1.2769,1.6730,270.0000
,,,,,,,,,,272.0000,43.2669,0.0172,9.7380,9.7550,241.0300,930.3500,1171.3800,0.3988,1.2715,1.6704,272.0000
,,,,,,,,,,274.0000,44.6968,0.0172,9.4450,9.4620,243.0700,928.9500,1172.0200,0.4016,1.2662,1.6678,274.0000
,,,,,,,,,,276.0000,46.1647,0.0172,9.1620,9.1800,245.1200,927.5400,1172.6600,0.4044,1.2608,1.6652,276.0000
,,,,,,,,,,278.0000,47.6714,0.0172,8.8900,8.9070,247.1600,926.1300,1173.3000,0.4071,1.2555,1.6626,278.0000
,,,,,,,,,,280.0000,49.2175,0.0173,8.6270,8.6440,249.2100,924.7100,1173.9200,0.4099,1.2502,1.6601,280.0000
,,,,,,,,,,282.0000,50.8039,0.0173,8.3730,8.3900,251.2600,923.2900,1174.5500,0.4127,1.2449,1.6575,282.0000
,,,,,,,,,,284.0000,52.4313,0.0173,8.1280,8.1460,253.3100,921.8600,1175.1700,0.4154,1.2396,1.6550,284.0000
,,,,,,,,,,286.0000,54.1004,0.0173,7.8920,7.9090,255.3600,920.4200,1175.7800,0.4182,1.2344,1.6525,286.0000
,,,,,,,,,,288.0000,55.8121,0.0173,7.6640,7.6810,257.4100,918.9800,1176.4000,0.4209,1.2291,1.6500,288.0000
,,,,,,,,,,290.0000,57.5672,0.0174,7.4440,7.4610,259.4700,917.5300,1177.0000,0.4236,1.2239,1.6476,290.0000
,,,,,,,,,,292.0000,59.3664,0.0174,7.2310,7.2480,261.5200,916.0800,1177.6000,0.4264,1.2187,1.6451,292.0000
,,,,,,,,,,294.0000,61.2105,0.0174,7.0250,7.0430,263.5800,914.6200,1178.2000,0.4291,1.2136,1.6427,294.0000
,,,,,,,,,,296.0000,63.1003,0.0174,6.8270,6.8440,265.6400,913.1500,1178.7900,0.4318,1.2084,1.6402,296.0000
,,,,,,,,,,298.0000,65.0368,0.0174,6.6350,6.6520,267.7000,911.6800,1179.3800,0.4345,1.2033,1.6378,298.0000
,,,,,,,,,,300.0000,67.0206,0.0175,6.4490,6.4670,269.7600,910.2000,1179.9600,0.4372,1.1982,1.6354,300.0000
